flat_no,month,opening_balance,total_expenses,amount_received,adjustment,balance_pending,status,month_state,water_bill,watchman_salary,housekeeping,electricity_common,generator_diesel,lift_amc,others
A-101,2026-01,0.0,3411.43,3411.43,0,0.0,Paid,closed,878.56,1092.96,301.08,506.25,151.06,217.37,264.15
A-102,2026-01,0.0,3411.43,3411.43,0,0.0,Paid,closed,878.56,1092.96,301.08,506.25,151.06,217.37,264.15
A-103,2026-01,0.0,3411.43,3411.43,0,0.0,Paid,closed,878.56,1092.96,301.08,506.25,151.06,217.37,264.15
A-104,2026-01,0.0,3411.43,3411.43,0,0.0,Paid,closed,878.56,1092.96,301.08,506.25,151.06,217.37,264.15
A-201,2026-01,0.0,3411.43,3411.43,0,0.0,Paid,closed,878.56,1092.96,301.08,506.25,151.06,217.37,264.15
A-202,2026-01,0.0,3411.43,3411.43,0,0.0,Paid,closed,878.56,1092.96,301.08,506.25,151.06,217.37,264.15
A-203,2026-01,0.0,3411.43,3411.43,0,0.0,Paid,closed,878.56,1092.96,301.08,506.25,151.06,217.37,264.15
A-204,2026-01,0.0,3411.43,3411.43,0,0.0,Paid,closed,878.56,1092.96,301.08,506.25,151.06,217.37,264.15
A-301,2026-01,0.0,3411.43,3411.43,0,0.0,Paid,closed,878.56,1092.96,301.08,506.25,151.06,217.37,264.15
A-302,2026-01,0.0,3411.43,3411.43,0,0.0,Paid,closed,878.56,1092.96,301.08,506.25,151.06,217.37,264.15
A-303,2026-01,0.0,3411.43,3411.43,0,0.0,Paid,closed,878.56,1092.96,301.08,506.25,151.06,217.37,264.15
A-101,2026-02,0.0,3551.43,3551.43,0,0.0,Paid,closed,927.25,1084.71,360.19,596.92,132.15,180.88,269.32
A-102,2026-02,0.0,3551.43,3551.43,0,0.0,Paid,closed,927.25,1084.71,360.19,596.92,132.15,180.88,269.32
A-103,2026-02,0.0,3551.43,3551.43,0,0.0,Paid,closed,927.25,1084.71,360.19,596.92,132.15,180.88,269.32
A-104,2026-02,0.0,3551.43,2500,0,1051.43,Partial,closed,927.25,1084.71,360.19,596.92,132.15,180.88,269.32
A-201,2026-02,0.0,3551.43,2700,0,851.43,Partial,closed,927.25,1084.71,360.19,596.92,132.15,180.88,269.32
A-202,2026-02,0.0,3551.43,3551.43,0,0.0,Paid,closed,927.25,1084.71,360.19,596.92,132.15,180.88,269.32
A-203,2026-02,0.0,3551.43,0,0,3551.43,Pending,closed,927.25,1084.71,360.19,596.92,132.15,180.88,269.32
A-204,2026-02,0.0,3551.43,3551.43,0,0.0,Paid,closed,927.25,1084.71,360.19,596.92,132.15,180.88,269.32
A-301,2026-02,0.0,3551.43,3551.43,0,0.0,Paid,closed,927.25,1084.71,360.19,596.92,132.15,180.88,269.32
A-302,2026-02,0.0,3551.43,2500,0,1051.43,Partial,closed,927.25,1084.71,360.19,596.92,132.15,180.88,269.32
A-303,2026-02,0.0,3551.43,0,0,3551.43,Pending,closed,927.25,1084.71,360.19,596.92,132.15,180.88,269.32
A-101,2026-03,0.0,3556.17,3556.17,0,0.0,Paid,closed,860.79,1395.67,275.56,507.14,129.72,175.59,211.7
A-102,2026-03,0.0,3556.17,3556.17,0,0.0,Paid,closed,860.79,1395.67,275.56,507.14,129.72,175.59,211.7
A-103,2026-03,0.0,3556.17,3556.17,0,0.0,Paid,closed,860.79,1395.67,275.56,507.14,129.72,175.59,211.7
A-104,2026-03,1051.43,3556.17,4607.6,0,0.0,Paid,closed,860.79,1395.67,275.56,507.14,129.72,175.59,211.7
A-201,2026-03,851.43,3556.17,4407.6,0,0.0,Paid,closed,860.79,1395.67,275.56,507.14,129.72,175.59,211.7
A-202,2026-03,0.0,3556.17,3556.17,0,0.0,Paid,closed,860.79,1395.67,275.56,507.14,129.72,175.59,211.7
A-203,2026-03,3551.43,3556.17,7107.6,0,0.0,Paid,closed,860.79,1395.67,275.56,507.14,129.72,175.59,211.7
A-204,2026-03,0.0,3556.17,0,0,3556.17,Pending,closed,860.79,1395.67,275.56,507.14,129.72,175.59,211.7
A-301,2026-03,0.0,3556.17,3556.17,0,0.0,Paid,closed,860.79,1395.67,275.56,507.14,129.72,175.59,211.7
A-302,2026-03,1051.43,3556.17,4607.6,0,0.0,Paid,closed,860.79,1395.67,275.56,507.14,129.72,175.59,211.7
A-303,2026-03,3551.43,3556.17,7107.6,0,0.0,Paid,closed,860.79,1395.67,275.56,507.14,129.72,175.59,211.7
A-101,2026-04,0.0,3627.19,2900,0,727.19,Partial,closed,904.25,1154.61,312.71,652.55,146.45,208.99,247.64
A-102,2026-04,0.0,3627.19,3627.19,0,0.0,Paid,closed,904.25,1154.61,312.71,652.55,146.45,208.99,247.64
A-103,2026-04,0.0,3627.19,3627.19,0,0.0,Paid,closed,904.25,1154.61,312.71,652.55,146.45,208.99,247.64
A-104,2026-04,0.0,3627.19,3627.19,0,0.0,Paid,closed,904.25,1154.61,312.71,652.55,146.45,208.99,247.64
A-201,2026-04,0.0,3627.19,3627.19,0,0.0,Paid,closed,904.25,1154.61,312.71,652.55,146.45,208.99,247.64
A-202,2026-04,0.0,3627.19,3627.19,0,0.0,Paid,closed,904.25,1154.61,312.71,652.55,146.45,208.99,247.64
A-203,2026-04,0.0,3627.19,0,0,3627.19,Pending,closed,904.25,1154.61,312.71,652.55,146.45,208.99,247.64
A-204,2026-04,3556.17,3627.19,0,0,7183.36,Pending,closed,904.25,1154.61,312.71,652.55,146.45,208.99,247.64
A-301,2026-04,0.0,3627.19,3627.19,0,0.0,Paid,closed,904.25,1154.61,312.71,652.55,146.45,208.99,247.64
A-302,2026-04,0.0,3627.19,2200,0,1427.19,Partial,closed,904.25,1154.61,312.71,652.55,146.45,208.99,247.64
A-303,2026-04,0.0,3627.19,0,0,3627.19,Pending,closed,904.25,1154.61,312.71,652.55,146.45,208.99,247.64
A-101,2026-05,727.19,3499.36,4226.55,0,0.0,Paid,closed,826.85,1199.81,297.92,570.81,128.45,210.92,264.6
A-102,2026-05,0.0,3499.36,3499.36,0,0.0,Paid,closed,826.85,1199.81,297.92,570.81,128.45,210.92,264.6
A-103,2026-05,0.0,3499.36,0,0,3499.36,Pending,closed,826.85,1199.81,297.92,570.81,128.45,210.92,264.6
A-104,2026-05,0.0,3499.36,3499.36,0,0.0,Paid,closed,826.85,1199.81,297.92,570.81,128.45,210.92,264.6
A-201,2026-05,0.0,3499.36,3499.36,0,0.0,Paid,closed,826.85,1199.81,297.92,570.81,128.45,210.92,264.6
A-202,2026-05,0.0,3499.36,3499.36,0,0.0,Paid,closed,826.85,1199.81,297.92,570.81,128.45,210.92,264.6
A-203,2026-05,3627.19,3499.36,7126.55,0,0.0,Paid,closed,826.85,1199.81,297.92,570.81,128.45,210.92,264.6
A-204,2026-05,7183.36,3499.36,10682.72,0,0.0,Paid,closed,826.85,1199.81,297.92,570.81,128.45,210.92,264.6
A-301,2026-05,0.0,3499.36,2100,0,1399.36,Partial,closed,826.85,1199.81,297.92,570.81,128.45,210.92,264.6
A-302,2026-05,1427.19,3499.36,4926.55,0,0.0,Paid,closed,826.85,1199.81,297.92,570.81,128.45,210.92,264.6
A-303,2026-05,3627.19,3499.36,7126.55,0,0.0,Paid,closed,826.85,1199.81,297.92,570.81,128.45,210.92,264.6
A-101,2026-06,0.0,3889.1,3889.1,0,0.0,Paid,closed,980.71,1317.51,378.6,627.97,116.46,220.45,247.41
A-102,2026-06,0.0,3889.1,3889.1,0,0.0,Paid,closed,980.71,1317.51,378.6,627.97,116.46,220.45,247.41
A-103,2026-06,3499.36,3889.1,7388.46,0,0.0,Paid,closed,980.71,1317.51,378.6,627.97,116.46,220.45,247.41
A-104,2026-06,0.0,3889.1,3889.1,0,0.0,Paid,closed,980.71,1317.51,378.6,627.97,116.46,220.45,247.41
A-201,2026-06,0.0,3889.1,3889.1,0,0.0,Paid,closed,980.71,1317.51,378.6,627.97,116.46,220.45,247.41
A-202,2026-06,0.0,3889.1,3889.1,0,0.0,Paid,closed,980.71,1317.51,378.6,627.97,116.46,220.45,247.41
A-203,2026-06,0.0,3889.1,0,0,3889.1,Pending,closed,980.71,1317.51,378.6,627.97,116.46,220.45,247.41
A-204,2026-06,0.0,3889.1,0,0,3889.1,Pending,closed,980.71,1317.51,378.6,627.97,116.46,220.45,247.41
A-301,2026-06,1399.36,3889.1,5288.46,0,0.0,Paid,closed,980.71,1317.51,378.6,627.97,116.46,220.45,247.41
A-302,2026-06,0.0,3889.1,3889.1,0,0.0,Paid,closed,980.71,1317.51,378.6,627.97,116.46,220.45,247.41
A-303,2026-06,0.0,3889.1,3889.1,0,0.0,Paid,closed,980.71,1317.51,378.6,627.97,116.46,220.45,247.41
A-101,2026-07,0.0,3895.21,3895.21,0,0.0,Paid,closed,956.8,1469.59,303.69,585.62,144.97,180.7,253.84
A-102,2026-07,0.0,3895.21,2600,0,1295.21,Partial,closed,956.8,1469.59,303.69,585.62,144.97,180.7,253.84
A-103,2026-07,0.0,3895.21,3895.21,0,0.0,Paid,closed,956.8,1469.59,303.69,585.62,144.97,180.7,253.84
A-104,2026-07,0.0,3895.21,3895.21,0,0.0,Paid,closed,956.8,1469.59,303.69,585.62,144.97,180.7,253.84
A-201,2026-07,0.0,3895.21,3895.21,0,0.0,Paid,closed,956.8,1469.59,303.69,585.62,144.97,180.7,253.84
A-202,2026-07,0.0,3895.21,0,0,3895.21,Pending,closed,956.8,1469.59,303.69,585.62,144.97,180.7,253.84
A-203,2026-07,3889.1,3895.21,0,0,7784.31,Pending,closed,956.8,1469.59,303.69,585.62,144.97,180.7,253.84
A-204,2026-07,3889.1,3895.21,4300,0,3484.31,Partial,closed,956.8,1469.59,303.69,585.62,144.97,180.7,253.84
A-301,2026-07,0.0,3895.21,3895.21,0,0.0,Paid,closed,956.8,1469.59,303.69,585.62,144.97,180.7,253.84
A-302,2026-07,0.0,3895.21,0,0,3895.21,Pending,closed,956.8,1469.59,303.69,585.62,144.97,180.7,253.84
A-303,2026-07,0.0,3895.21,0,0,3895.21,Pending,closed,956.8,1469.59,303.69,585.62,144.97,180.7,253.84
A-101,2026-08,0.0,3467.73,3467.73,0,0.0,Paid,closed,719.98,1298.3,278.16,608.84,152.46,178.99,230.99
A-102,2026-08,1295.21,3467.73,4762.94,0,0.0,Paid,closed,719.98,1298.3,278.16,608.84,152.46,178.99,230.99
A-103,2026-08,0.0,3467.73,0,0,3467.73,Pending,closed,719.98,1298.3,278.16,608.84,152.46,178.99,230.99
A-104,2026-08,0.0,3467.73,3467.73,0,0.0,Paid,closed,719.98,1298.3,278.16,608.84,152.46,178.99,230.99
A-201,2026-08,0.0,3467.73,3467.73,0,0.0,Paid,closed,719.98,1298.3,278.16,608.84,152.46,178.99,230.99
A-202,2026-08,3895.21,3467.73,7362.94,0,0.0,Paid,closed,719.98,1298.3,278.16,608.84,152.46,178.99,230.99
A-203,2026-08,7784.31,3467.73,5600,0,5652.04,Partial,closed,719.98,1298.3,278.16,608.84,152.46,178.99,230.99
A-204,2026-08,3484.31,3467.73,6952.04,0,0.0,Paid,closed,719.98,1298.3,278.16,608.84,152.46,178.99,230.99
A-301,2026-08,0.0,3467.73,0,0,3467.73,Pending,closed,719.98,1298.3,278.16,608.84,152.46,178.99,230.99
A-302,2026-08,3895.21,3467.73,7362.94,0,0.0,Paid,closed,719.98,1298.3,278.16,608.84,152.46,178.99,230.99
A-303,2026-08,3895.21,3467.73,7362.94,0,0.0,Paid,closed,719.98,1298.3,278.16,608.84,152.46,178.99,230.99
A-101,2026-09,0.0,3343.84,3343.84,0,0.0,Paid,open,843.67,1135.72,295.48,528.18,143.99,186.11,210.7
A-102,2026-09,0.0,3343.84,3343.84,0,0.0,Paid,open,843.67,1135.72,295.48,528.18,143.99,186.11,210.7
A-103,2026-09,3467.73,3343.84,6811.57,0,0.0,Paid,open,843.67,1135.72,295.48,528.18,143.99,186.11,210.7
A-104,2026-09,0.0,3343.84,0,0,3343.84,Pending,open,843.67,1135.72,295.48,528.18,143.99,186.11,210.7
A-201,2026-09,0.0,3343.84,0,0,3343.84,Pending,open,843.67,1135.72,295.48,528.18,143.99,186.11,210.7
A-202,2026-09,0.0,3343.84,3343.84,0,0.0,Paid,open,843.67,1135.72,295.48,528.18,143.99,186.11,210.7
A-203,2026-09,5652.04,3343.84,8995.88,0,0.0,Paid,open,843.67,1135.72,295.48,528.18,143.99,186.11,210.7
A-204,2026-09,0.0,3343.84,1700,0,1643.84,Partial,open,843.67,1135.72,295.48,528.18,143.99,186.11,210.7
A-301,2026-09,3467.73,3343.84,6811.57,0,0.0,Paid,open,843.67,1135.72,295.48,528.18,143.99,186.11,210.7
A-302,2026-09,0.0,3343.84,0,0,3343.84,Pending,open,843.67,1135.72,295.48,528.18,143.99,186.11,210.7
A-303,2026-09,0.0,3343.84,3343.84,0,0.0,Paid,open,843.67,1135.72,295.48,528.18,143.99,186.11,210.7
