token,flat_no,role,phone_masked,status
TKN-3e7900f7f9,A-101,resident,+91 ••••• •••70,active
TKN-68ceb81f9d,A-102,resident,+91 ••••• •••34,active
TKN-181825bc54,A-103,admin,+91 ••••• •••94,active
TKN-5a6e595ed3,A-104,resident,+91 ••••• •••64,active
TKN-77693dffbc,A-201,resident,+91 ••••• •••16,active
TKN-a7ac619e63,A-202,resident,+91 ••••• •••92,active
TKN-0f1931e9ee,A-203,admin,+91 ••••• •••61,active
TKN-56ba6c34ab,A-204,resident,+91 ••••• •••23,active
TKN-313fa7f104,A-301,resident,+91 ••••• •••34,active
TKN-72894a05e4,A-302,resident,+91 ••••• •••27,active
TKN-2e6c006f61,A-303,resident,+91 ••••• •••45,active
